DispNum,CCodeA,CCodeB,StDay,StMon,StYear,EndDay,EndMon,EndYear,HiactA,HiactB,HostlevA,HostlevB,SideAA,SideAB,RevstatA,Revtyp1A,Revtyp2A,RevstatB,Revtyp1B,Revtyp2B,OrigA,OrigB,FatalA,FatalB,FatalPrA,FatalPrB,RoleA,RoleB,Reciproc,SideADyA,SideADyB,Version
4016,2,41,18,10,1993,17,9,1994,13,7,4,3,1,0,1,3,0,0,2,0,1,1,0,0,0,0,1,3,1,1,0,3.02
4261,2,101,21,10,2000,21,10,2000,12,0,3,1,1,0,1,4,0,0,0,0,1,1,0,0,0,0,1,3,0,1,0,3.02
3551,2,345,16,7,1992,24,9,1996,13,0,4,1,1,0,1,2,0,0,0,0,1,1,0,0,0,0,1,3,0,1,0,3.02
4137,2,345,3,5,1998,10,6,1999,16,10,4,3,1,0,1,2,4,0,2,0,0,1,0,5,0,-9,2,3,1,1,0,3.02
4298,2,345,26,9,2000,-9,9,2000,7,0,3,1,0,1,1,3,0,0,0,0,0,1,0,0,0,0,4,1,0,1,0,3.02
4186,2,345,21,2,2000,3,4,2000,7,0,3,1,1,0,1,2,3,0,0,0,1,1,0,0,0,0,1,3,0,1,0,3.02
4174,2,365,15,8,1997,-9,8,1997,15,0,4,1,1,0,1,2,0,0,0,0,1,1,0,0,0,0,1,3,0,1,0,3.02
4213,2,365,2,2,2000,-9,4,2000,15,0,4,1,1,0,1,2,0,0,0,0,1,1,0,0,0,0,1,3,0,1,0,3.02
4254,2,450,-9,9,1998,-9,11,1998,7,0,3,1,1,0,1,2,0,0,0,0,1,1,0,0,0,0,1,3,0,1,0,3.02
4195,2,620,2,4,1996,2,4,1996,1,0,2,1,1,0,1,2,0,0,0,0,1,1,0,0,0,0,1,3,0,1,0,3.02
4217,2,625,20,8,1998,20,8,1998,16,0,4,1,1,0,1,2,0,0,0,0,1,1,0,0,0,0,1,3,0,1,0,3.02
4216,2,630,3,10,1997,3,10,1997,7,0,3,1,1,0,1,2,0,0,0,0,1,1,0,0,0,0,1,3,0,1,0,3.02
3552,2,645,27,7,1992,23,12,1993,17,17,4,4,1,0,1,1,2,1,1,2,1,1,0,-9,0,-9,1,3,1,1,0,3.02
3568,2,645,11,1,1993,20,1,1993,11,0,3,1,0,1,1,1,2,0,0,0,0,1,0,0,0,0,4,1,0,1,0,3.02
4299,2,645,26,6,1993,28,6,1993,16,0,4,1,1,0,1,4,0,0,0,0,1,1,0,-9,0,-9,1,3,0,1,0,3.02
4270,2,645,1,12,1994,1,12,1994,15,0,4,1,1,0,1,2,0,0,0,0,1,1,0,0,0,0,1,3,0,1,0,3.02
4269,2,645,2,8,1994,9,10,1995,11,0,3,1,1,0,1,2,4,0,0,0,1,1,0,0,0,0,1,3,0,1,0,3.02
4271,2,645,30,8,1996,4,11,1996,16,16,4,4,1,0,1,2,0,0,2,0,1,1,0,-9,0,-9,1,3,1,1,0,3.02
4273,2,645,7,10,1997,10,10,2001,17,17,4,4,1,0,1,1,2,0,1,2,1,1,0,-9,0,-9,1,3,1,1,0,3.02
4190,2,652,-9,6,1996,-9,6,1996,1,0,2,1,0,1,1,2,0,0,0,0,1,1,0,0,0,0,3,1,0,1,0,3.02
4227,2,700,20,8,1998,20,8,1998,16,0,4,1,1,0,1,4,0,0,0,0,1,1,0,2,0,-9,1,3,0,1,0,3.02
4283,2,700,15,9,2001,-9,10,2001,17,17,4,4,1,0,1,2,3,0,2,0,1,1,1,6,2,-9,1,3,1,1,0,3.02
4064,2,710,19,12,1995,28,3,1996,7,0,3,1,0,1,1,1,2,0,0,0,0,1,0,0,0,0,4,1,0,1,0,3.02
4088,2,710,30,7,1999,-9,3,2000,7,0,3,1,0,1,1,2,0,0,0,0,0,1,0,0,0,0,4,1,0,1,0,3.02
4281,2,710,25,4,2001,17,8,2001,7,0,3,1,0,1,1,2,0,0,0,0,0,1,0,0,0,0,4,1,0,1,0,3.02
4021,2,731,3,3,1993,18,3,1993,7,8,3,3,1,0,1,2,0,0,2,0,1,1,0,0,0,0,1,3,1,1,0,3.02
4125,2,731,16,6,1999,18,7,1999,7,0,3,1,1,0,1,2,0,0,0,0,1,1,0,0,0,0,1,3,0,1,0,3.02
4183,20,2,25,5,1997,28,5,1997,15,0,4,1,1,0,1,2,0,0,0,0,1,1,0,0,0,0,1,3,0,1,0,3.02
4016,20,41,18,10,1993,29,9,1994,13,0,4,1,1,0,1,3,0,0,0,0,1,1,0,0,0,0,1,3,0,1,0,3.02
4031,20,230,7,3,1995,16,4,1995,16,7,4,3,1,0,1,1,2,0,1,2,1,1,0,0,0,0,1,3,1,1,0,3.02
3551,20,345,16,7,1992,16,7,1992,7,0,3,1,1,0,1,2,0,0,0,0,1,1,0,0,0,0,1,3,0,1,0,3.02
4137,20,345,11,6,1998,10,6,1999,16,7,4,3,1,0,1,2,0,0,2,0,0,1,0,5,0,-9,2,3,1,1,0,3.02
4186,20,345,21,2,2000,21,2,2000,1,0,2,1,1,0,1,2,0,0,0,0,1,1,0,0,0,0,1,3,0,1,0,3.02
4197,20,365,-9,11,2000,-9,12,2000,8,7,3,3,0,1,1,2,0,0,4,0,1,1,0,0,0,0,3,1,1,1,0,3.02
4283,20,700,7,10,2001,15,11,2001,16,0,4,1,1,0,1,2,3,0,0,0,0,1,0,6,0,-9,2,3,0,1,0,3.02
4022,20,731,10,6,1994,17,6,1994,7,0,3,1,0,1,1,2,0,0,0,0,0,1,0,0,0,0,4,1,0,1,0,3.02
4196,40,2,24,2,1996,24,2,1996,16,0,4,1,1,0,1,2,0,0,0,0,1,1,0,0,0,0,1,3,0,1,0,3.02
4016,42,41,29,5,1994,29,9,1994,13,0,4,1,1,0,1,3,0,0,0,0,0,1,0,0,0,0,2,3,0,1,0,3.02
4014,80,90,15,10,1993,16,10,1993,12,11,3,3,1,0,1,1,0,0,1,0,1,1,0,0,0,0,1,3,1,1,0,3.02
4015,80,90,25,8,1995,23,9,1995,12,11,3,3,1,0,1,1,0,0,1,0,1,1,0,0,0,0,1,3,1,1,0,3.02
4150,80,90,-9,8,1997,26,8,1997,12,11,3,3,1,0,1,1,0,0,1,0,1,1,0,0,0,0,1,3,1,1,0,3.02
4152,80,90,28,12,2000,13,5,2001,12,0,3,1,1,0,1,1,0,0,0,0,1,1,0,0,0,0,1,3,0,1,0,3.02
4151,90,80,24,2,2000,-9,4,2000,15,7,4,3,1,0,1,1,2,0,1,0,1,1,0,0,0,0,1,3,1,1,0,3.02
4010,91,92,26,1,1993,20,2,1993,11,0,3,1,1,0,1,2,0,0,0,0,1,1,0,0,0,0,1,3,0,1,0,3.02
4012,91,93,22,12,1995,22,12,1995,1,0,2,1,1,0,1,2,0,0,0,0,1,1,0,0,0,0,1,3,0,1,0,3.02
4141,91,93,19,2,2000,25,2,2000,17,17,4,4,1,0,1,2,0,1,2,0,1,1,0,0,0,0,1,3,1,1,0,3.02
4327,91,93,-9,3,2001,-9,3,2001,11,0,3,1,1,0,1,2,0,0,0,0,1,1,0,0,0,0,1,3,0,1,0,3.02
4259,91,93,-9,2,2001,-9,3,2001,11,0,3,1,1,0,1,2,0,0,0,0,1,1,0,0,0,0,1,3,0,1,0,3.02
4153,92,93,7,3,1997,-9,3,1997,15,0,4,1,1,0,1,2,0,0,0,0,1,1,0,0,0,0,1,3,0,1,0,3.02
4011,93,91,8,4,1995,13,6,1995,17,17,4,4,1,0,1,2,0,0,2,0,1,1,0,0,0,0,1,3,1,1,0,3.02
4171,93,91,9,1,1997,-9,8,1997,16,15,4,4,1,0,1,2,0,0,2,0,1,1,0,0,0,0,1,3,1,1,0,3.02
4140,93,91,1,12,1999,-9,7,2000,11,14,3,4,1,0,1,2,0,0,1,2,1,1,0,0,0,0,1,3,1,1,0,3.02
4147,93,94,16,7,1998,-9,8,1998,7,11,3,3,1,0,1,2,0,0,2,0,1,1,0,0,0,0,1,3,1,1,0,3.02
4145,93,100,-9,4,1994,-9,4,1994,15,0,4,1,1,0,1,2,0,0,0,0,1,1,0,0,0,0,1,3,0,1,0,3.02
4146,94,93,3,3,1995,-9,3,1995,15,15,4,4,1,0,1,4,0,0,4,0,1,1,0,0,0,0,1,3,1,1,0,3.02
4263,100,93,24,10,2001,-9,11,2001,15,0,4,1,1,0,1,2,0,0,0,0,1,1,0,0,0,0,1,3,0,1,0,3.02
4149,101,52,30,10,1996,30,10,1996,16,0,4,1,1,0,1,2,0,0,0,0,1,1,0,0,0,0,1,3,0,1,0,3.02
4154,101,52,-9,4,1997,-9,5,1997,16,0,4,1,1,0,1,2,0,0,0,0,1,1,0,0,0,0,1,3,0,1,0,3.02
4155,101,52,8,8,1999,-9,8,1999,15,0,4,1,1,0,1,2,0,0,0,0,1,1,0,0,0,0,1,3,0,1,0,3.02
4219,101,100,7,1,1994,9,1,1994,15,0,4,1,1,0,1,1,0,0,0,0,1,1,0,0,0,0,1,3,0,1,0,3.02
4009,101,100,-9,10,1995,-9,10,1995,15,0,4,1,1,0,1,4,0,0,0,0,1,1,0,0,0,0,1,3,0,1,0,3.02
4172,101,100,6,2,1997,6,2,1997,16,0,4,1,1,0,1,4,0,0,0,0,1,1,0,0,0,0,1,3,0,1,0,3.02
4262,101,100,13,10,2000,23,11,2000,16,0,4,1,1,0,1,4,0,0,0,0,1,1,0,0,0,0,1,3,0,1,0,3.02
4260,101,110,3,10,1999,9,10,1999,12,8,3,3,1,0,1,1,0,0,1,0,1,1,0,0,0,0,1,3,1,1,0,3.02
4157,115,110,-9,9,2000,-9,9,2000,12,0,3,1,1,0,1,4,0,0,0,0,1,1,0,0,0,0,1,3,0,1,0,3.02
4156,115,110,3,6,2000,-9,6,2000,12,12,3,3,1,0,1,2,0,0,2,0,1,1,0,0,0,0,1,3,1,1,0,3.02
4013,130,135,9,1,1995,9,5,1995,17,17,4,4,1,0,1,1,0,1,1,0,1,1,3,3,-9,-9,1,3,1,1,0,3.02
4144,130,135,13,5,1997,19,10,1997,16,15,4,4,1,0,1,1,0,0,1,0,1,1,0,0,0,0,1,3,1,1,0,3.02
4189,130,135,-9,7,1998,1,8,1998,14,11,4,3,1,0,1,1,0,0,1,0,1,1,0,0,0,0,1,3,1,1,0,3.02
4143,135,130,20,9,1995,-9,7,1996,17,17,4,4,1,0,1,1,0,1,1,0,1,1,0,0,0,0,1,3,1,1,0,3.02
4016,160,41,18,10,1993,29,9,1994,13,0,4,1,1,0,1,3,0,0,0,0,1,1,0,0,0,0,1,3,0,1,0,3.02
4186,160,345,27,3,2000,3,4,2000,7,0,3,1,1,0,1,2,3,0,0,0,0,1,0,0,0,0,2,3,0,1,0,3.02
4016,200,41,20,10,1993,-9,10,1994,13,0,4,1,1,0,1,3,0,0,0,0,0,1,0,0,0,0,2,3,0,1,0,3.02
4148,200,155,6,3,1996,-9,3,1996,15,0,4,1,1,0,1,2,0,0,0,0,1,1,0,0,0,0,1,3,0,1,0,3.02
3551,200,345,16,7,1992,24,9,1996,13,0,4,1,1,0,1,2,0,0,0,0,1,1,0,0,0,0,1,3,0,1,0,3.02
4137,200,345,3,5,1998,10,6,1999,16,11,4,3,1,0,1,2,4,0,2,0,0,1,0,5,0,-9,2,3,1,1,0,3.02
4186,200,345,21,2,2000,21,2,2000,1,0,2,1,1,0,1,2,0,0,0,0,1,1,0,0,0,0,1,3,0,1,0,3.02
4334,200,365,11,6,1999,11,6,1999,8,0,3,1,1,0,1,2,0,0,0,0,1,1,0,0,0,0,1,3,0,1,0,3.02
3552,200,645,26,8,1992,18,1,1993,17,17,4,4,1,0,1,1,2,1,1,4,0,1,0,-9,0,-9,2,3,1,1,0,3.02
3568,200,645,12,1,1993,13,1,1993,1,0,2,1,0,1,1,1,0,0,0,0,0,1,0,0,0,0,4,1,0,1,0,3.02
4269,200,645,7,10,1994,20,10,1994,11,0,3,1,1,0,1,2,4,0,0,0,0,1,0,0,0,0,2,3,0,1,0,3.02
4271,200,645,2,11,1996,2,11,1996,16,0,4,1,1,0,1,2,0,0,0,0,0,1,0,-9,0,-9,2,3,0,1,0,3.02
4273,200,645,3,11,1997,3,10,2001,17,17,4,4,1,0,1,1,2,0,1,2,0,1,0,-9,0,-9,2,3,1,1,0,3.02
4283,200,700,15,9,2001,-9,10,2001,17,17,4,4,1,0,1,2,3,0,2,0,1,1,0,6,0,-9,1,3,1,1,0,3.02
4016,210,41,20,10,1993,29,9,1994,13,0,4,1,1,0,1,3,0,0,0,0,0,1,0,0,0,0,2,3,0,1,0,3.02
3551,210,345,16,7,1992,24,9,1996,13,0,4,1,1,0,1,2,0,0,0,0,1,1,0,0,0,0,1,3,0,1,0,3.02
4137,210,345,11,6,1998,10,6,1999,16,7,4,3,1,0,1,2,0,0,2,0,0,1,0,5,0,-9,2,3,1,1,0,3.02
4186,210,345,21,2,2000,3,4,2000,7,0,3,1,1,0,1,2,3,0,0,0,1,1,0,0,0,0,1,3,0,1,0,3.02
4273,210,645,22,10,1999,22,10,1999,7,0,3,1,1,0,1,2,3,0,0,0,0,1,0,-9,0,-9,2,3,0,1,0,3.02
4283,210,700,9,10,2001,-9,10,2001,7,0,3,1,1,0,1,2,3,0,0,0,0,1,0,6,0,-9,2,3,0,1,0,3.02
3551,211,345,16,7,1992,24,9,1996,13,0,4,1,1,0,1,2,0,0,0,0,1,1,0,0,0,0,1,3,0,1,0,3.02
4137,211,345,11,6,1998,10,6,1999,16,7,4,3,1,0,1,2,0,0,2,0,0,1,0,5,0,-9,2,3,1,1,0,3.02
4186,211,345,21,2,2000,21,2,2000,1,0,2,1,1,0,1,2,0,0,0,0,1,1,0,0,0,0,1,3,0,1,0,3.02
4137,212,345,11,6,1998,16,3,1999,8,0,3,1,1,0,1,2,0,0,0,0,0,1,0,5,0,-9,2,3,0,1,0,3.02
4186,212,345,21,2,2000,21,2,2000,1,0,2,1,1,0,1,2,0,0,0,0,1,1,0,0,0,0,1,3,0,1,0,3.02
4016,220,41,18,10,1993,29,9,1994,13,0,4,1,1,0,1,3,0,0,0,0,1,1,0,0,0,0,1,3,0,1,0,3.02
4048,220,344,26,1,1993,-9,1,1993,7,0,3,1,1,0,1,4,0,0,0,0,1,1,0,0,0,0,1,3,0,1,0,3.02
3551,220,345,16,7,1992,24,9,1996,13,0,4,1,1,0,1,2,0,0,0,0,1,1,0,0,0,0,1,3,0,1,0,3.02
4137,220,345,11,6,1998,10,6,1999,16,7,4,3,1,0,1,2,4,0,2,0,0,1,0,5,0,-9,2,3,1,1,0,3.02
4186,220,345,21,2,2000,21,2,2000,1,0,2,1,1,0,1,2,0,0,0,0,1,1,0,0,0,0,1,3,0,1,0,3.02
3552,220,645,26,8,1992,21,1,1993,17,17,4,4,1,0,1,1,2,1,1,4,0,1,0,-9,0,-9,2,3,1,1,0,3.02
3568,220,645,12,1,1993,13,1,1993,1,0,2,1,0,1,1,1,0,0,0,0,0,1,0,0,0,0,4,1,0,1,0,3.02
4269,220,645,7,10,1994,11,10,1994,11,0,3,1,1,0,1,2,4,0,0,0,0,1,0,0,0,0,2,3,0,1,0,3.02
4273,220,645,22,10,1999,22,10,1999,7,0,3,1,1,0,1,2,3,0,0,0,0,1,0,-9,0,-9,2,3,0,1,0,3.02
4283,220,700,15,9,2001,15,11,2001,16,0,4,1,1,0,1,2,3,0,0,0,1,1,0,6,0,-9,1,3,0,1,0,3.02
3551,230,345,16,7,1992,24,9,1996,13,0,4,1,1,0,1,2,0,0,0,0,1,1,0,0,0,0,1,3,0,1,0,3.02
4137,230,345,11,6,1998,10,6,1999,16,0,4,1,1,0,1,2,0,0,0,0,0,1,0,5,0,-9,2,3,0,1,0,3.02
4186,230,345,21,2,2000,21,2,2000,1,0,2,1,1,0,1,2,0,0,0,0,1,1,0,0,0,0,1,3,0,1,0,3.02
4283,230,700,9,10,2001,-9,10,2001,7,0,3,1,1,0,1,2,3,0,0,0,0,1,0,6,0,-9,2,3,0,1,0,3.02
3551,235,345,16,7,1992,16,7,1992,7,0,3,1,1,0,1,2,0,0,0,0,1,1,0,0,0,0,1,3,0,1,0,3.02
4137,235,345,11,6,1998,10,6,1999,16,0,4,1,1,0,1,2,0,0,0,0,0,1,0,5,0,-9,2,3,0,1,0,3.02
4186,235,345,21,2,2000,21,2,2000,1,0,2,1,1,0,1,2,0,0,0,0,1,1,0,0,0,0,1,3,0,1,0,3.02
4283,235,700,9,10,2001,-9,10,2001,7,0,3,1,1,0,1,2,3,0,0,0,0,1,0,6,0,-9,2,3,0,1,0,3.02
3551,255,345,16,7,1992,24,9,1996,13,0,4,1,1,0,1,2,0,0,0,0,1,1,0,0,0,0,1,3,0,1,0,3.02
4137,255,345,11,6,1998,10,6,1999,16,10,4,3,1,0,1,2,0,0,2,0,0,1,0,5,0,-9,2,3,1,1,0,3.02
4186,255,345,21,2,2000,21,2,2000,1,0,2,1,1,0,1,2,0,0,0,0,1,1,0,0,0,0,1,3,0,1,0,3.02
4273,255,645,22,10,1999,22,10,1999,7,0,3,1,1,0,1,2,3,0,0,0,0,1,0,-9,0,-9,2,3,0,1,0,3.02
4283,255,700,9,10,2001,-9,10,2001,7,0,3,1,1,0,1,2,3,0,0,0,0,1,0,6,0,-9,2,3,0,1,0,3.02
4137,290,345,9,3,1999,16,3,1999,7,0,3,1,1,0,1,2,0,0,0,0,0,1,0,5,0,-9,2,3,0,1,0,3.02
4186,290,345,21,2,2000,3,4,2000,7,0,3,1,1,0,1,2,3,0,0,0,1,1,0,0,0,0,1,3,0,1,0,3.02
4101,310,344,12,8,1995,-9,11,1995,11,0,3,1,1,0,1,2,0,0,0,0,1,1,0,0,0,0,1,3,0,1,0,3.02
4332,310,345,17,2,1994,17,2,1994,8,0,3,1,1,0,1,2,0,0,0,0,1,1,0,0,0,0,1,3,0,1,0,3.02
4102,310,345,12,8,1995,-9,11,1995,11,0,3,1,1,0,1,2,0,0,0,0,1,1,0,0,0,0,1,3,0,1,0,3.02
4137,310,345,9,3,1999,16,3,1999,7,0,3,1,1,0,1,2,0,0,0,0,0,1,0,5,0,-9,2,3,0,1,0,3.02
4186,310,345,21,2,2000,21,2,2000,1,0,2,1,1,0,1,2,0,0,0,0,1,1,0,0,0,0,1,3,0,1,0,3.02
4137,316,345,9,3,1999,16,3,1999,7,0,3,1,1,0,1,2,0,0,0,0,0,1,0,5,0,-9,2,3,0,1,0,3.02
4186,316,345,21,2,2000,21,2,2000,1,0,2,1,1,0,1,2,0,0,0,0,1,1,0,0,0,0,1,3,0,1,0,3.02
3551,325,345,16,7,1992,24,9,1996,13,0,4,1,1,0,1,2,0,0,0,0,1,1,0,0,0,0,1,3,0,1,0,3.02
4137,325,345,11,6,1998,10,6,1999,16,7,4,3,1,0,1,2,0,0,2,0,0,1,0,5,0,-9,2,3,1,1,0,3.02
4186,325,345,21,2,2000,3,4,2000,7,0,3,1,1,0,1,2,3,0,0,0,1,1,0,0,0,0,1,3,0,1,0,3.02
4017,325,349,12,8,1993,13,8,1993,11,0,3,1,1,0,1,4,0,0,0,0,1,1,0,0,0,0,1,3,0,1,0,3.02
4273,325,645,22,10,1999,22,10,1999,7,0,3,1,1,0,1,2,3,0,0,0,0,1,0,-9,0,-9,2,3,0,1,0,3.02
4058,339,343,26,6,1993,26,6,1993,17,17,4,4,1,0,1,1,0,1,1,0,1,1,1,0,1,0,1,3,1,1,0,3.02
4097,339,343,13,3,1997,13,3,1997,17,17,4,4,1,0,1,2,0,1,2,0,1,1,0,0,0,0,1,3,1,1,0,3.02
4043,339,345,1,7,1993,14,8,1994,16,16,4,4,1,0,1,1,2,0,1,2,1,1,1,1,1,1,1,3,1,1,0,3.02
4137,339,345,-9,2,1998,5,6,1999,17,17,4,4,1,0,1,2,0,0,2,0,1,1,1,5,-9,-9,1,3,1,1,0,3.02
4229,339,345,8,8,2000,8,8,2000,11,0,3,1,1,0,1,2,0,0,0,0,1,1,0,0,0,0,1,3,0,1,0,3.02
4137,343,345,1,3,1998,10,6,1999,11,11,3,3,1,0,1,2,0,0,2,0,0,1,0,5,0,-9,2,3,1,1,0,3.02
4230,344,345,27,6,1997,29,6,1997,8,0,3,1,1,0,1,2,0,0,0,0,1,1,0,0,0,0,1,3,0,1,0,3.02
3556,344,346,20,10,1992,26,10,1992,17,17,4,4,1,0,1,1,0,1,1,2,1,1,3,4,-9,-9,1,3,1,1,0,3.02
4341,344,346,5,6,1993,-9,2,1994,17,17,4,4,1,0,1,1,2,1,1,2,1,1,3,4,-9,-9,1,3,1,1,0,3.02
4231,344,346,10,8,1996,18,10,1996,15,0,4,1,1,0,1,2,0,0,0,0,1,1,0,0,0,0,1,3,0,1,0,3.02
4046,345,2,23,4,1994,5,5,1994,7,11,3,3,1,0,1,2,0,0,2,0,1,1,0,0,0,0,1,3,1,1,0,3.02
4343,345,2,24,11,2000,27,11,2000,7,0,3,1,1,0,1,2,0,0,0,0,1,1,0,0,0,0,1,3,0,1,0,3.02
4343,345,20,24,11,2000,27,11,2000,7,0,3,1,1,0,1,2,0,0,0,0,1,1,0,0,0,0,1,3,0,1,0,3.02
4295,345,20,31,7,2000,6,10,2000,15,0,4,1,1,0,1,2,0,0,0,0,1,1,0,0,0,0,1,3,0,1,0,3.02
4343,345,160,24,11,2000,27,11,2000,7,0,3,1,1,0,1,2,0,0,0,0,1,1,0,0,0,0,1,3,0,1,0,3.02
4295,345,200,31,7,2000,6,10,2000,15,0,4,1,1,0,1,2,0,0,0,0,1,1,0,0,0,0,1,3,0,1,0,3.02
4343,345,200,24,11,2000,27,11,2000,7,0,3,1,1,0,1,2,0,0,0,0,1,1,0,0,0,0,1,3,0,1,0,3.02
4343,345,205,24,11,2000,27,11,2000,7,0,3,1,1,0,1,2,0,0,0,0,1,1,0,0,0,0,1,3,0,1,0,3.02
4343,345,210,24,11,2000,27,11,2000,7,0,3,1,1,0,1,2,0,0,0,0,1,1,0,0,0,0,1,3,0,1,0,3.02
4343,345,211,24,11,2000,27,11,2000,7,0,3,1,1,0,1,2,0,0,0,0,1,1,0,0,0,0,1,3,0,1,0,3.02
4343,345,212,24,11,2000,27,11,2000,7,0,3,1,1,0,1,2,0,0,0,0,1,1,0,0,0,0,1,3,0,1,0,3.02
4343,345,220,24,11,2000,27,11,2000,7,0,3,1,1,0,1,2,0,0,0,0,1,1,0,0,0,0,1,3,0,1,0,3.02
4343,345,225,24,11,2000,27,11,2000,7,0,3,1,1,0,1,2,0,0,0,0,1,1,0,0,0,0,1,3,0,1,0,3.02
4343,345,230,24,11,2000,27,11,2000,7,0,3,1,1,0,1,2,0,0,0,0,1,1,0,0,0,0,1,3,0,1,0,3.02
4343,345,235,24,11,2000,27,11,2000,7,0,3,1,1,0,1,2,0,0,0,0,1,1,0,0,0,0,1,3,0,1,0,3.02
4343,345,255,24,11,2000,27,11,2000,7,0,3,1,1,0,1,2,0,0,0,0,1,1,0,0,0,0,1,3,0,1,0,3.02
4343,345,290,24,11,2000,27,11,2000,7,0,3,1,1,0,1,2,0,0,0,0,1,1,0,0,0,0,1,3,0,1,0,3.02
4343,345,305,24,11,2000,27,11,2000,7,0,3,1,1,0,1,2,0,0,0,0,1,1,0,0,0,0,1,3,0,1,0,3.02
4343,345,310,24,11,2000,27,11,2000,7,0,3,1,1,0,1,2,0,0,0,0,1,1,0,0,0,0,1,3,0,1,0,3.02
4343,345,316,24,11,2000,27,11,2000,7,0,3,1,1,0,1,2,0,0,0,0,1,1,0,0,0,0,1,3,0,1,0,3.02
4343,345,317,24,11,2000,27,11,2000,7,0,3,1,1,0,1,2,0,0,0,0,1,1,0,0,0,0,1,3,0,1,0,3.02
4343,345,325,24,11,2000,27,11,2000,7,0,3,1,1,0,1,2,0,0,0,0,1,1,0,0,0,0,1,3,0,1,0,3.02
4045,345,339,-9,3,1995,-9,3,1995,7,0,3,1,1,0,1,4,0,0,0,0,1,1,0,0,0,0,1,3,0,1,0,3.02
4136,345,339,3,3,1997,-9,3,1997,11,0,3,1,1,0,1,2,0,0,0,0,1,1,0,0,0,0,1,3,0,1,0,3.02
4046,345,343,-9,5,1994,13,6,1994,12,1,3,2,1,0,1,1,2,0,1,0,1,0,0,0,0,0,1,4,1,1,0,3.02
3555,345,344,20,1,1992,10,7,1992,17,17,4,4,0,1,1,1,0,1,1,0,1,1,2,4,-9,-9,3,1,1,1,0,3.02
4340,345,344,24,1,1993,20,2,1993,12,16,3,4,1,0,1,1,0,0,1,0,1,1,1,0,1,0,1,3,1,1,0,3.02
4100,345,344,7,5,1995,17,10,1995,10,0,3,1,1,0,1,1,2,0,0,0,1,1,0,0,0,0,1,3,0,1,0,3.02
4298,345,344,5,8,2000,-9,9,2000,15,7,4,3,1,0,1,1,0,0,3,0,1,1,0,0,0,0,1,3,1,1,0,3.02
3557,345,346,6,4,1992,25,1,1993,17,17,4,4,1,0,1,1,2,0,1,0,1,1,4,3,-9,-9,1,3,1,1,0,3.02
4333,345,346,-9,1,1994,-9,1,1994,7,0,3,1,1,0,1,1,0,0,0,0,1,1,0,0,0,0,1,3,0,1,0,3.02
4343,345,349,24,11,2000,27,11,2000,7,0,3,1,1,0,1,2,0,0,0,0,1,1,0,0,0,0,1,3,0,1,0,3.02
4343,345,350,24,11,2000,27,11,2000,7,0,3,1,1,0,1,2,0,0,0,0,1,1,0,0,0,0,1,3,0,1,0,3.02
4343,345,355,24,11,2000,27,11,2000,7,0,3,1,1,0,1,2,0,0,0,0,1,1,0,0,0,0,1,3,0,1,0,3.02
3551,345,360,30,1,1993,3,2,1993,15,15,4,4,0,1,1,2,0,0,2,0,1,0,0,0,0,0,3,2,1,1,0,3.02
4343,345,365,24,11,2000,27,11,2000,7,0,3,1,1,0,1,2,0,0,0,0,1,1,0,0,0,0,1,3,0,1,0,3.02
4343,345,366,24,11,2000,27,11,2000,7,0,3,1,1,0,1,2,0,0,0,0,1,1,0,0,0,0,1,3,0,1,0,3.02
4343,345,368,24,11,2000,27,11,2000,7,0,3,1,1,0,1,2,0,0,0,0,1,1,0,0,0,0,1,3,0,1,0,3.02
4343,345,369,24,11,2000,27,11,2000,7,0,3,1,1,0,1,2,0,0,0,0,1,1,0,0,0,0,1,3,0,1,0,3.02
4343,345,372,24,11,2000,27,11,2000,7,0,3,1,1,0,1,2,0,0,0,0,1,1,0,0,0,0,1,3,0,1,0,3.02
4343,345,373,24,11,2000,27,11,2000,7,0,3,1,1,0,1,2,0,0,0,0,1,1,0,0,0,0,1,3,0,1,0,3.02
4343,345,375,24,11,2000,27,11,2000,7,0,3,1,1,0,1,2,0,0,0,0,1,1,0,0,0,0,1,3,0,1,0,3.02
4343,345,380,24,11,2000,27,11,2000,7,0,3,1,1,0,1,2,0,0,0,0,1,1,0,0,0,0,1,3,0,1,0,3.02
4343,345,385,24,11,2000,27,11,2000,7,0,3,1,1,0,1,2,0,0,0,0,1,1,0,0,0,0,1,3,0,1,0,3.02
4343,345,390,24,11,2000,27,11,2000,7,0,3,1,1,0,1,2,0,0,0,0,1,1,0,0,0,0,1,3,0,1,0,3.02
4343,345,395,24,11,2000,27,11,2000,7,0,3,1,1,0,1,2,0,0,0,0,1,1,0,0,0,0,1,3,0,1,0,3.02
4343,345,600,24,11,2000,27,11,2000,7,0,3,1,1,0,1,2,0,0,0,0,1,1,0,0,0,0,1,3,0,1,0,3.02
4343,345,640,24,11,2000,27,11,2000,7,0,3,1,1,0,1,2,0,0,0,0,1,1,0,0,0,0,1,3,0,1,0,3.02
4343,345,663,24,11,2000,27,11,2000,7,0,3,1,1,0,1,2,0,0,0,0,1,1,0,0,0,0,1,3,0,1,0,3.02
4343,345,696,24,11,2000,27,11,2000,7,0,3,1,1,0,1,2,0,0,0,0,1,1,0,0,0,0,1,3,0,1,0,3.02
4041,350,339,10,4,1994,8,9,1994,17,17,4,4,1,0,1,1,2,0,2,0,1,1,0,1,0,2,1,3,1,1,0,3.02
4090,350,339,17,9,1997,17,9,1997,16,0,4,1,1,0,1,4,0,0,0,0,1,1,0,0,0,0,1,3,0,1,0,3.02
3551,350,345,16,7,1992,24,9,1996,13,0,4,1,1,0,1,2,0,0,0,0,1,1,0,0,0,0,1,3,0,1,0,3.02
4137,350,345,11,6,1998,10,6,1999,8,7,3,3,1,0,1,2,0,0,2,0,0,1,0,5,0,-9,2,3,1,1,0,3.02
4186,350,345,21,2,2000,21,2,2000,1,0,2,1,1,0,1,2,0,0,0,0,1,1,0,0,0,0,1,3,0,1,0,3.02
4095,350,640,17,8,1996,26,4,2001,7,12,3,3,0,1,1,1,2,0,1,2,0,1,0,1,0,2,4,1,1,1,0,3.02
4193,350,640,10,10,1997,29,7,1998,17,17,4,4,1,0,1,1,2,0,1,2,1,1,0,0,0,0,1,3,1,1,0,3.02
4233,350,640,31,1,2001,31,1,2001,7,0,3,1,1,0,1,1,0,0,0,0,1,1,0,0,0,0,1,3,0,1,0,3.02
4320,350,640,27,12,2001,-9,12,2001,12,7,3,3,1,0,1,1,2,0,1,2,1,1,0,0,0,0,1,3,1,1,0,3.02
4273,350,645,22,10,1999,22,10,1999,7,0,3,1,1,0,1,2,3,0,0,0,0,1,0,-9,0,-9,2,3,0,1,0,3.02
4283,350,700,9,10,2001,-9,10,2001,7,0,3,1,1,0,1,2,3,0,0,0,0,1,0,6,0,-9,2,3,0,1,0,3.02
4039,352,640,14,10,1993,14,10,1993,16,0,4,1,1,0,1,1,0,0,0,0,1,1,0,0,0,0,1,3,0,1,0,3.02
4186,360,345,27,3,2000,3,4,2000,7,0,3,1,1,0,1,2,3,0,0,0,0,1,0,0,0,0,2,3,0,1,0,3.02
4342,365,2,8,4,1999,19,4,1999,8,0,3,1,1,0,1,2,0,0,0,0,1,1,0,0,0,0,1,3,0,1,0,3.02
4197,365,2,-9,11,2000,-9,12,2000,7,8,3,3,1,0,1,4,0,0,2,0,1,1,0,0,0,0,1,3,1,1,0,3.02
4220,365,2,17,10,2000,9,11,2000,7,7,3,3,1,0,1,2,0,0,2,0,1,1,0,0,0,0,1,3,1,1,0,3.02
4342,365,20,8,4,1999,19,4,1999,8,0,3,1,1,0,1,2,0,0,0,0,1,1,0,0,0,0,1,3,0,1,0,3.02
4342,365,200,8,4,1999,19,4,1999,8,0,3,1,1,0,1,2,0,0,0,0,1,1,0,0,0,0,1,3,0,1,0,3.02
4342,365,210,8,4,1999,19,4,1999,8,0,3,1,1,0,1,2,0,0,0,0,1,1,0,0,0,0,1,3,0,1,0,3.02
4342,365,211,8,4,1999,19,4,1999,8,0,3,1,1,0,1,2,0,0,0,0,1,1,0,0,0,0,1,3,0,1,0,3.02
4342,365,220,8,4,1999,19,4,1999,8,0,3,1,1,0,1,2,0,0,0,0,1,1,0,0,0,0,1,3,0,1,0,3.02
4342,365,230,8,4,1999,19,4,1999,8,0,3,1,1,0,1,2,0,0,0,0,1,1,0,0,0,0,1,3,0,1,0,3.02
4342,365,235,8,4,1999,19,4,1999,8,0,3,1,1,0,1,2,0,0,0,0,1,1,0,0,0,0,1,3,0,1,0,3.02
4342,365,255,8,4,1999,19,4,1999,8,0,3,1,1,0,1,2,0,0,0,0,1,1,0,0,0,0,1,3,0,1,0,3.02
4106,365,290,20,6,1993,20,6,1993,7,0,3,1,1,0,1,2,0,0,0,0,1,1,0,0,0,0,1,3,0,1,0,3.02
4107,365,290,26,2,1997,21,3,1997,15,0,4,1,1,0,1,4,0,0,0,0,1,1,0,0,0,0,1,3,0,1,0,3.02
4342,365,325,8,4,1999,19,4,1999,8,0,3,1,1,0,1,2,0,0,0,0,1,1,0,0,0,0,1,3,0,1,0,3.02
4137,365,345,17,8,1998,26,8,1998,7,0,3,1,1,0,1,2,0,0,0,0,0,1,0,5,0,-9,2,3,0,1,0,3.02
4051,365,359,15,2,1993,-9,2,1993,7,0,3,1,1,0,1,1,2,0,0,0,1,1,0,0,0,0,1,3,0,1,0,3.02
4103,365,367,10,1,1994,10,1,1994,8,0,3,1,1,0,1,4,0,0,0,0,1,1,0,0,0,0,1,3,0,1,0,3.02
4111,365,367,5,8,1998,-9,8,1998,11,0,3,1,1,0,1,2,0,0,0,0,1,1,0,0,0,0,1,3,0,1,0,3.02
4105,365,368,29,3,1995,29,3,1995,7,0,3,1,1,0,1,1,2,0,0,0,1,1,0,0,0,0,1,3,0,1,0,3.02
4050,365,369,8,4,1994,-9,4,1994,7,15,3,4,1,0,1,4,0,0,4,0,1,1,0,0,0,0,1,3,1,1,0,3.02
4098,365,369,24,3,1996,24,3,1996,7,0,3,1,1,0,1,1,0,0,0,0,1,1,0,0,0,0,1,3,0,1,0,3.02
4096,365,372,25,8,1997,23,12,1997,14,0,4,1,1,0,1,2,0,0,0,0,1,1,0,0,0,0,1,3,0,1,0,3.02
4212,365,372,17,11,1999,14,3,2001,12,12,3,3,1,0,1,2,0,0,2,0,1,1,0,0,0,0,1,3,1,1,0,3.02
4242,365,372,18,10,2001,18,10,2001,12,0,3,1,1,0,1,2,0,0,0,0,1,1,0,0,0,0,1,3,0,1,0,3.02
3564,365,373,-9,2,1993,-9,2,1993,17,17,4,4,1,0,1,1,0,1,1,0,0,1,1,6,-9,-9,2,3,1,1,0,3.02
4342,365,385,8,4,1999,19,4,1999,8,0,3,1,1,0,1,2,0,0,0,0,1,1,0,0,0,0,1,3,0,1,0,3.02
4342,365,390,8,4,1999,19,4,1999,8,0,3,1,1,0,1,2,0,0,0,0,1,1,0,0,0,0,1,3,0,1,0,3.02
4137,365,640,15,4,1999,-9,4,1999,7,0,3,1,1,1,1,2,0,0,0,0,0,0,0,0,0,0,2,2,0,1,0,3.02
4342,365,640,8,4,1999,19,4,1999,8,0,3,1,1,0,1,2,0,0,0,0,1,1,0,0,0,0,1,3,0,1,0,3.02
3552,365,645,6,1,1993,14,1,1993,1,0,2,1,1,0,1,1,2,0,0,0,0,1,0,-9,0,-9,2,3,0,1,0,3.02
4054,365,700,3,3,1993,21,2,1994,17,17,4,4,1,0,1,1,2,0,1,2,1,1,1,1,-9,-9,1,3,1,1,0,3.02
4055,365,700,31,12,1994,-9,5,1995,16,0,4,1,1,0,1,4,0,0,0,0,1,1,0,0,0,0,1,3,0,1,0,3.02
4176,365,700,25,5,1997,-9,5,1997,8,0,3,1,1,0,1,2,0,0,0,0,1,1,0,0,0,0,1,3,0,1,0,3.02
4228,365,700,11,8,1998,-9,8,1998,11,0,3,1,1,0,1,1,3,0,0,0,1,1,0,0,0,0,1,3,0,1,0,3.02
4201,365,700,24,9,1999,29,3,2001,11,16,3,4,1,0,1,2,0,0,2,0,1,1,0,1,0,-9,1,3,1,1,0,3.02
4283,365,700,15,9,2001,15,11,2001,17,17,4,4,1,0,1,2,0,0,2,0,1,1,0,6,0,-9,1,3,1,1,0,3.02
4042,365,740,26,11,1993,-9,9,1995,16,7,4,3,1,0,1,1,2,0,4,0,1,1,0,0,0,0,1,3,1,1,0,3.02
4297,365,740,12,10,1996,-9,10,1996,15,0,4,1,1,0,1,1,2,0,0,0,1,1,0,0,0,0,1,3,0,1,0,3.02
4222,365,740,21,4,2000,21,4,2000,16,0,4,1,1,0,1,2,0,0,0,0,1,1,0,0,0,0,1,3,0,1,0,3.02
4239,365,740,14,2,2001,11,4,2001,12,7,3,3,1,0,1,4,0,0,2,0,1,1,0,0,0,0,1,3,1,1,0,3.02
4137,368,345,17,8,1998,26,8,1998,7,0,3,1,1,0,1,2,0,0,0,0,0,1,0,5,0,-9,2,3,0,1,0,3.02
4108,369,360,26,3,1997,28,3,1997,8,0,3,1,1,0,1,2,0,0,0,0,1,1,0,0,0,0,1,3,0,1,0,3.02
4240,370,368,30,8,2001,-9,9,2001,7,0,3,1,1,0,1,2,0,0,0,0,1,1,0,0,0,0,1,3,0,1,0,3.02
3564,371,373,26,1,1992,18,8,1993,17,17,4,4,1,0,1,1,0,1,1,0,1,1,6,6,-9,-9,1,3,1,1,0,3.02
4318,371,373,8,3,1995,23,2,1996,17,17,4,4,1,0,1,1,0,1,1,0,1,1,-9,-9,-9,-9,1,3,1,1,0,3.02
4319,371,373,15,12,1996,14,5,1997,17,17,4,4,1,0,1,1,0,1,1,0,1,1,-9,-9,-9,-9,1,3,1,1,0,3.02
4175,371,373,13,2,1998,1,10,1999,17,17,4,4,1,0,1,1,0,1,1,0,1,1,1,1,-9,-9,1,3,1,1,0,3.02
4232,371,373,3,4,2000,27,4,2000,16,0,4,1,1,0,1,1,0,0,0,0,1,1,0,0,0,0,1,3,0,1,0,3.02
4235,371,373,5,2,2001,5,2,2001,16,0,4,1,1,0,1,1,0,0,0,0,1,1,0,0,0,0,1,3,0,1,0,3.02
4285,371,630,17,3,1994,17,3,1994,16,0,4,1,1,0,1,4,0,0,0,0,1,1,0,1,0,13,1,3,0,1,0,3.02
3561,372,365,13,6,1992,26,10,1993,17,17,4,4,0,1,1,1,2,1,1,2,1,1,2,2,-9,-9,3,1,1,1,0,3.02
4338,373,365,19,3,1999,30,3,1999,15,0,4,1,1,0,1,2,0,0,0,0,1,1,0,0,0,0,1,3,0,1,0,3.02
4236,373,371,12,12,2001,12,12,2001,4,0,2,1,1,0,1,1,0,0,0,0,1,1,0,0,0,0,1,3,0,1,0,3.02
4109,373,372,17,10,1996,25,10,1996,12,0,3,1,1,0,1,1,0,0,0,0,1,1,0,0,0,0,1,3,0,1,0,3.02
4137,385,345,11,6,1998,10,6,1999,16,0,4,1,1,0,1,2,0,0,0,0,0,1,0,5,0,-9,2,3,0,1,0,3.02
4186,385,345,21,2,2000,21,2,2000,1,0,2,1,1,0,1,2,0,0,0,0,1,1,0,0,0,0,1,3,0,1,0,3.02
4321,385,365,12,7,1998,17,7,1998,15,0,4,1,1,0,1,2,0,0,0,0,1,1,0,0,0,0,1,3,0,1,0,3.02
4335,385,365,24,6,1999,24,6,1999,7,0,3,1,1,0,1,2,0,0,0,0,1,1,0,0,0,0,1,3,0,1,0,3.02
4238,385,365,14,2,2001,14,2,2001,7,0,3,1,1,0,1,2,0,0,0,0,1,1,0,0,0,0,1,3,0,1,0,3.02
3551,390,345,16,7,1992,16,7,1992,7,0,3,1,1,0,1,2,0,0,0,0,1,1,0,0,0,0,1,3,0,1,0,3.02
4137,390,345,11,6,1998,10,6,1999,16,0,4,1,1,0,1,2,0,0,0,0,0,1,0,5,0,-9,2,3,0,1,0,3.02
4186,390,345,21,2,2000,21,2,2000,1,0,2,1,1,0,1,2,0,0,0,0,1,1,0,0,0,0,1,3,0,1,0,3.02
4137,395,345,11,6,1998,16,3,1999,8,0,3,1,1,0,1,2,0,0,0,0,0,1,0,5,0,-9,2,3,0,1,0,3.02
4186,395,345,21,2,2000,21,2,2000,1,0,2,1,1,0,1,2,0,0,0,0,1,1,0,0,0,0,1,3,0,1,0,3.02
4214,411,368,10,11,2000,20,12,2000,15,0,4,1,1,0,1,2,0,0,0,0,1,1,0,0,0,0,1,3,0,1,0,3.02
4308,436,432,8,2,1993,8,2,1993,17,17,4,4,1,0,1,2,0,1,2,0,1,1,1,0,6,0,1,3,1,1,0,3.02
4309,438,437,4,3,1996,-9,4,1996,14,0,4,1,1,0,1,1,0,0,0,0,1,1,0,0,0,0,1,3,0,1,0,3.02
4302,438,450,13,8,1999,16,8,1999,8,0,3,1,1,0,1,4,0,0,0,0,1,1,0,0,0,0,1,3,0,1,0,3.02
4251,438,451,27,5,1997,10,3,1998,14,0,4,1,1,0,1,3,0,0,0,0,1,1,0,-9,0,-9,1,3,0,1,0,3.02
4300,438,451,26,1,2001,4,6,2001,16,11,4,3,1,0,1,2,0,0,2,0,1,1,0,0,0,0,1,3,1,1,0,3.02
4257,450,438,-9,7,2000,25,5,2001,11,16,3,4,1,0,0,2,0,0,2,0,1,1,1,0,-9,0,1,3,1,1,0,3.02
4256,451,450,9,4,1999,-9,4,1999,1,11,2,3,1,0,1,2,0,0,0,0,1,1,0,0,0,0,1,3,1,1,0,3.02
4301,451,450,-9,5,2001,18,6,2001,15,0,4,1,1,0,1,4,0,0,0,0,1,1,0,0,0,0,1,3,0,1,0,3.02
4251,452,451,27,5,1997,5,6,1997,14,0,4,1,1,0,1,3,0,0,0,0,1,1,0,-9,0,-9,1,3,0,1,0,3.02
4066,452,461,1,2,1993,4,2,1993,8,0,3,1,1,0,1,2,0,0,0,0,1,1,0,0,0,0,1,3,0,1,0,3.02
4163,461,452,28,10,1994,10,12,1994,11,0,3,1,1,0,1,4,0,0,0,0,1,1,0,0,0,0,1,3,0,1,0,3.02
4116,461,452,6,1,1994,-9,1,1994,11,0,3,1,1,0,1,4,0,0,0,0,1,1,0,0,0,0,1,3,0,1,0,3.02
4119,471,475,3,1,1994,27,11,1994,17,17,4,4,1,0,1,1,0,0,1,0,1,1,1,1,-9,-9,1,3,1,1,0,3.02
4165,471,475,12,6,1995,13,6,1995,17,17,4,4,1,0,1,1,0,1,1,0,1,1,-9,1,-9,1,1,3,1,1,0,3.02
4166,471,475,3,2,1996,4,5,1997,17,17,4,4,1,0,1,1,0,1,1,0,1,1,2,2,-9,-9,1,3,1,1,0,3.02
4250,471,475,25,2,1998,11,9,1998,17,17,4,4,1,0,1,1,0,1,1,0,1,1,-9,-9,-9,-9,1,3,1,1,0,3.02
4312,475,434,29,4,2000,1,5,2000,14,0,4,1,1,0,1,1,0,0,0,0,1,1,0,0,0,0,1,3,0,1,0,3.02
4085,475,437,28,5,1993,28,5,1993,17,17,4,4,1,0,1,2,0,1,2,0,1,1,0,-9,0,-9,1,3,1,1,0,3.02
4255,475,450,-9,2,1998,-9,2,1998,12,0,3,1,1,0,1,4,0,0,0,0,1,1,0,0,0,0,1,3,0,1,0,3.02
4251,475,451,27,5,1997,2,3,1998,17,17,4,4,1,0,1,3,0,0,3,0,1,1,-9,-9,-9,-9,1,3,1,1,0,3.02
4256,475,451,9,4,1999,9,4,1999,1,0,2,1,1,1,1,2,0,0,0,0,1,1,0,0,0,0,1,1,0,1,0,3.02
4068,475,483,26,7,1995,-9,7,1995,14,0,4,1,1,0,1,1,0,0,0,0,1,1,0,0,0,0,1,3,0,1,0,3.02
4306,482,471,1,3,2001,6,3,2001,14,0,4,1,1,0,1,1,0,0,0,0,1,1,0,0,0,0,1,3,0,1,0,3.02
4284,482,483,21,12,2001,21,12,2001,7,0,3,1,1,0,1,2,0,0,0,0,1,1,0,0,0,0,1,3,0,1,0,3.02
4067,483,436,18,2,1993,18,2,1993,17,17,4,4,1,0,1,4,0,1,4,0,1,1,1,0,1,0,1,3,1,1,0,3.02
4032,490,211,30,1,1993,31,1,1993,1,1,2,2,1,0,1,4,0,0,4,0,1,1,0,0,0,0,1,3,1,1,0,3.02
4069,490,484,31,3,1993,7,4,1993,15,0,4,1,1,0,1,4,0,0,0,0,1,1,0,0,0,0,1,3,0,1,0,3.02
4245,490,484,8,10,1997,8,10,1997,16,0,4,1,1,0,0,0,0,0,0,0,1,1,0,0,0,0,1,3,0,1,0,3.02
4170,490,500,17,11,1996,10,12,1996,11,16,3,4,1,0,1,4,0,0,4,0,1,1,0,0,0,0,1,3,1,1,0,3.02
4339,490,500,7,8,1998,-9,9,1998,17,17,4,4,0,1,1,2,3,0,2,0,1,0,-9,-9,-9,-9,3,2,1,1,0,3.02
4122,490,517,22,9,1996,17,5,1997,17,17,4,4,1,0,1,1,3,1,1,3,1,1,4,3,-9,-9,1,3,1,1,0,3.02
4071,490,540,23,10,1994,-9,11,1994,11,0,3,1,1,0,1,4,0,0,0,0,1,1,0,0,0,0,1,3,0,1,0,3.02
4307,490,551,14,4,1994,-9,9,1994,14,0,4,1,1,0,0,0,0,0,0,0,1,1,0,0,0,0,1,3,0,1,0,3.02
4339,490,565,19,8,1998,30,6,2001,20,20,5,5,0,0,0,0,0,0,0,0,1,0,-9,-9,-9,-9,3,4,1,1,0,3.02
4339,500,483,29,9,1998,30,4,1999,21,21,5,5,1,0,1,2,0,0,0,0,0,0,-9,-9,-9,-9,2,4,0,1,0,3.02
4252,500,517,14,8,1999,18,8,1999,17,17,4,4,1,0,1,1,2,1,1,2,1,1,-9,-9,-9,-9,1,3,1,1,0,3.02
4253,500,517,5,5,2000,11,6,2000,17,17,4,4,1,0,1,1,2,1,1,2,1,1,-9,-9,-9,-9,1,3,1,1,0,3.02
4310,500,517,26,3,2001,30,10,2001,11,0,3,1,1,0,0,0,0,0,0,0,1,1,0,0,0,0,1,3,0,1,0,3.02
4339,500,552,23,8,1998,30,6,2001,20,20,5,5,1,0,1,2,0,0,0,0,0,0,-9,-9,-9,-9,2,4,1,1,0,3.02
4078,500,625,5,8,1994,14,4,1997,17,17,4,4,1,0,1,2,4,0,2,4,1,1,-9,-9,-9,-9,1,3,1,1,0,3.02
4305,500,625,30,10,2001,30,10,2001,8,0,3,1,1,0,1,2,0,0,0,0,1,1,0,0,0,0,1,3,0,1,0,3.02
4083,501,500,-9,3,1995,-9,3,1995,12,11,3,3,1,0,1,2,4,0,2,0,1,1,0,0,0,0,1,3,1,1,0,3.02
4084,501,500,-9,11,1995,-9,11,1995,11,0,3,1,1,0,1,2,0,0,0,0,1,1,0,0,0,0,1,3,0,1,0,3.02
4249,501,500,16,2,1997,-9,2,1997,11,0,3,1,1,0,0,0,0,0,0,0,1,1,0,0,0,0,1,3,0,1,0,3.02
4118,510,516,15,6,1995,3,11,1995,8,0,3,1,1,0,1,4,0,0,0,0,1,1,0,0,0,0,1,3,0,1,0,3.02
4311,510,516,16,5,2000,-9,5,2000,11,0,3,1,1,0,1,2,0,0,0,0,1,1,0,0,0,0,1,3,0,1,0,3.02
4123,516,510,27,9,1997,-9,11,1997,17,17,4,4,1,0,0,0,0,0,2,0,1,1,-9,-9,-9,-9,1,3,1,1,0,3.02
4339,517,483,29,9,1998,30,4,1999,21,21,5,5,1,0,1,2,0,0,0,0,1,0,-9,-9,-9,-9,1,4,0,1,0,3.02
4339,517,490,2,8,1998,18,8,1998,17,17,4,4,1,0,1,2,0,0,2,3,1,1,-9,-9,-9,-9,1,3,1,1,0,3.02
4339,517,552,23,8,1998,30,6,2001,20,20,5,5,1,0,1,2,0,0,0,0,1,0,-9,-9,-9,-9,1,4,1,1,0,3.02
4339,517,565,19,8,1998,-9,9,1998,17,17,4,4,1,0,1,2,0,0,0,0,1,0,-9,-9,-9,-9,1,4,1,1,0,3.02
4187,522,531,-9,6,1998,-9,12,1998,11,11,3,3,1,0,1,4,0,0,2,0,1,1,0,0,0,0,1,3,1,1,0,3.02
4188,530,501,16,1,1999,16,1,1999,17,17,4,4,1,0,1,2,0,1,2,0,1,1,1,0,-9,0,1,3,1,1,0,3.02
4079,530,625,8,3,1994,24,3,1996,17,17,4,4,1,0,1,1,2,1,1,2,1,1,-9,-9,-9,-9,1,3,1,1,0,3.02
4130,530,625,-9,1,1997,13,1,1997,17,17,4,4,1,0,1,2,3,1,2,3,1,1,-9,-9,-9,-9,1,3,1,1,0,3.02
4082,531,522,-9,12,1995,-9,4,1996,16,0,4,1,1,0,1,1,0,0,0,0,1,1,0,0,0,0,1,3,0,1,0,3.02
4258,531,530,6,5,1998,7,6,1998,17,20,4,5,1,0,1,1,2,1,1,2,1,1,6,6,-9,-9,1,3,1,1,0,3.02
4124,531,625,21,7,1996,-9,1,1999,17,17,4,4,1,0,1,2,3,1,2,3,1,1,-9,-9,-9,-9,1,3,1,1,0,3.02
4121,531,679,13,11,1995,15,8,1996,17,17,4,4,1,0,1,1,2,0,1,2,1,1,-9,-9,-9,-9,1,3,1,1,0,3.02
4132,531,679,-9,5,1997,-9,7,1997,15,0,4,1,1,0,1,1,2,0,0,0,1,1,0,0,0,0,1,3,0,1,0,3.02
4200,531,679,21,8,1999,21,8,1999,15,0,4,1,1,0,1,2,0,0,0,0,1,1,0,0,0,0,1,3,0,1,0,3.02
4168,540,484,13,5,1995,13,5,1995,17,17,4,4,1,0,1,4,0,1,4,0,1,1,1,1,9,2,1,3,1,1,0,3.02
4246,540,484,11,10,1997,15,10,1997,17,17,4,4,1,0,1,3,0,1,3,0,1,1,-9,-9,-9,-9,1,3,1,1,0,3.02
4244,540,490,8,5,1997,-9,5,1997,11,0,3,1,1,0,1,3,0,0,0,0,1,1,0,0,0,0,1,3,0,1,0,3.02
4339,540,490,19,8,1998,-9,9,1998,17,17,4,4,0,0,0,0,0,0,0,0,0,1,-9,-9,-9,-9,4,3,1,1,0,3.02
4303,540,551,7,1,2001,21,11,2001,16,16,4,4,1,0,1,1,2,0,2,4,1,1,1,0,10,0,1,3,1,1,0,3.02
4339,540,552,-9,9,1998,30,6,2001,20,20,5,5,0,0,0,0,0,0,0,0,0,0,-9,-9,-9,-9,4,4,0,1,0,3.02
4339,540,565,19,8,1998,-9,9,1998,17,17,4,4,0,0,0,0,0,0,0,0,0,0,-9,-9,-9,-9,4,4,1,1,0,3.02
4339,552,490,-9,9,1998,30,6,2001,20,20,5,5,0,0,0,0,0,0,0,0,0,1,-9,-9,-9,-9,4,3,1,1,0,3.02
4162,560,570,7,9,1994,9,9,1994,7,11,3,3,1,0,1,3,0,0,2,0,1,1,0,0,0,0,1,3,1,1,0,3.02
4339,565,552,-9,9,1998,30,6,2001,20,20,5,5,0,0,0,0,0,0,0,0,0,0,-9,-9,-9,-9,4,4,0,1,0,3.02
4237,570,560,16,12,1994,16,12,1994,11,0,3,1,1,0,1,4,0,0,0,0,1,1,0,0,0,0,1,3,0,1,0,3.02
4117,571,565,22,10,1997,20,4,1998,12,12,3,3,1,0,1,1,0,0,1,0,1,1,0,0,0,0,1,3,1,1,0,3.02
4169,572,541,20,1,1994,20,1,1994,12,0,3,1,1,0,1,4,0,0,0,0,1,1,0,0,0,0,1,3,0,1,0,3.02
4164,620,483,14,2,1994,31,5,1994,7,0,3,1,1,0,1,1,0,0,0,0,1,1,0,0,0,0,1,3,0,1,0,3.02
4304,625,500,7,12,1997,9,12,1997,12,0,3,1,1,0,1,2,0,0,0,0,1,1,0,0,0,0,1,3,0,1,0,3.02
4248,625,500,28,9,1998,-9,4,1999,16,11,4,3,1,0,0,2,0,0,2,0,1,1,0,0,0,0,1,3,1,1,0,3.02
4081,625,531,-9,11,1994,-9,12,1994,11,0,3,1,1,0,1,3,0,0,0,0,1,1,0,0,0,0,1,3,0,1,0,3.02
4286,625,651,10,3,1993,-9,3,1993,15,0,4,1,1,0,1,1,0,0,0,0,1,1,0,0,0,0,1,3,0,1,0,3.02
4287,625,651,20,5,1994,-9,5,1994,15,0,4,1,1,0,1,1,0,0,0,0,1,1,0,0,0,0,1,3,0,1,0,3.02
3564,630,371,-9,9,1993,-9,9,1993,7,0,3,1,0,1,1,2,0,0,0,0,0,1,0,6,0,-9,4,1,0,1,0,3.02
4317,630,373,23,7,2001,15,8,2001,12,8,3,3,1,0,1,1,2,0,1,2,1,1,0,0,0,0,1,3,1,1,0,3.02
4337,630,640,20,5,1997,-9,5,1997,11,0,3,1,1,0,1,2,0,0,0,0,1,1,0,0,0,0,1,3,0,1,0,3.02
4072,630,645,13,3,1993,25,7,1993,16,12,4,3,1,0,1,2,0,0,2,0,1,1,0,0,0,0,1,3,1,1,0,3.02
4113,630,645,6,11,1994,6,11,1994,16,0,4,1,1,0,1,2,0,0,0,0,1,1,0,0,0,0,1,3,0,1,0,3.02
4192,630,645,27,7,1996,-9,1,1997,16,11,4,3,1,0,1,2,4,0,2,0,1,1,0,0,0,0,1,3,1,1,0,3.02
4205,630,645,29,9,1997,-9,4,1998,16,15,4,4,1,0,1,2,0,0,2,0,1,1,0,0,0,0,1,3,1,1,0,3.02
4292,630,645,10,6,1999,10,6,1999,16,0,4,1,1,0,1,2,0,0,0,0,1,1,0,0,0,0,1,3,0,1,0,3.02
4159,630,700,5,9,1995,5,9,1995,11,0,3,1,1,0,1,4,0,0,0,0,1,1,0,0,0,0,1,3,0,1,0,3.02
4161,630,700,16,5,1999,16,5,1999,16,0,4,1,1,0,1,3,0,0,0,0,1,1,0,-9,0,-9,1,3,0,1,0,3.02
3551,640,345,16,7,1992,16,7,1992,7,0,3,1,1,0,1,2,0,0,0,0,1,1,0,0,0,0,1,3,0,1,0,3.02
4224,640,345,8,11,1993,8,11,1993,1,0,2,1,1,0,1,2,0,0,0,0,1,1,0,0,0,0,1,3,0,1,0,3.02
4137,640,345,11,6,1998,10,6,1999,16,7,4,3,1,0,1,2,0,0,2,0,0,1,0,5,0,-9,2,3,1,1,0,3.02
4186,640,345,21,2,2000,21,2,2000,1,0,2,1,1,0,1,2,0,0,0,0,1,1,0,0,0,0,1,3,0,1,0,3.02
4040,640,350,8,6,1994,8,6,1995,12,16,3,4,1,0,1,1,2,0,1,2,1,1,0,0,0,0,1,3,1,1,0,3.02
4092,640,350,28,12,1995,9,7,1996,17,17,4,4,1,0,1,1,2,0,1,2,1,1,1,0,-9,0,1,3,1,1,0,3.02
4323,640,350,17,3,1997,3,4,1997,12,0,3,1,1,0,1,1,2,0,0,0,1,1,0,0,0,0,1,3,0,1,0,3.02
4133,640,350,12,3,1999,6,5,1999,12,7,3,3,1,0,1,1,0,0,1,0,1,1,0,0,0,0,1,3,1,1,0,3.02
4210,640,350,9,2,2000,21,10,2000,12,12,3,3,1,0,1,1,2,0,1,2,1,1,0,0,0,0,1,3,1,1,0,3.02
4038,640,352,22,1,1993,11,4,1993,16,16,4,4,1,0,1,1,0,0,1,0,1,1,0,1,0,1,1,3,1,1,0,3.02
4094,640,352,6,10,1994,14,11,1995,12,0,3,1,1,0,1,1,2,0,0,0,1,1,0,0,0,0,1,3,0,1,0,3.02
4095,640,352,3,6,1996,20,7,2001,16,16,4,4,1,0,1,1,2,0,1,2,1,1,1,1,2,1,1,3,1,1,0,3.02
3564,640,365,7,9,1993,7,9,1993,16,0,4,1,0,1,1,2,0,0,0,0,0,0,0,1,0,-9,4,2,0,1,0,3.02
4173,640,365,13,7,1996,13,7,1996,16,0,4,1,1,0,1,1,0,0,0,0,1,1,0,0,0,0,1,3,0,1,0,3.02
4221,640,365,18,6,2000,13,9,2000,17,17,4,4,1,0,1,4,0,0,4,0,1,1,0,1,0,1,1,3,1,1,0,3.02
3564,640,371,-9,4,1993,4,9,1993,12,1,3,2,0,1,1,2,0,0,2,0,0,1,0,6,0,-9,4,1,1,1,0,3.02
4221,640,371,11,9,2000,11,9,2000,12,0,3,1,1,0,1,4,0,0,0,0,1,0,0,0,0,0,1,4,0,1,0,3.02
4191,640,630,26,6,1996,26,6,1996,16,0,4,1,1,0,1,2,0,0,0,0,1,1,0,0,0,0,1,3,0,1,0,3.02
4289,640,630,18,7,1999,18,7,1999,16,0,4,1,1,0,1,2,0,0,0,0,1,1,0,0,0,0,1,3,0,1,0,3.02
4290,640,630,24,8,2001,25,8,2001,7,0,3,1,1,0,1,2,0,0,0,0,1,1,0,0,0,0,1,3,0,1,0,3.02
4158,640,645,20,3,1995,10,7,1995,14,0,4,1,1,0,0,0,0,0,0,0,1,1,0,0,0,0,1,3,0,1,0,3.02
4206,640,645,5,9,1996,17,2,1999,16,0,4,1,1,0,1,2,0,0,0,0,1,1,0,0,0,0,1,3,0,1,0,3.02
4208,640,645,29,9,1999,29,9,1999,14,0,4,1,1,0,1,2,0,0,0,0,1,1,0,0,0,0,1,3,0,1,0,3.02
4324,640,645,25,7,2000,-9,1,2001,16,0,4,1,1,0,1,2,0,0,0,0,1,1,0,0,0,0,1,3,0,1,0,3.02
4325,640,645,25,8,2001,26,8,2001,16,0,4,1,1,0,1,2,0,0,0,0,1,1,0,0,0,0,1,3,0,1,0,3.02
4291,640,652,1,10,1998,-9,10,1998,7,0,3,1,1,0,1,1,2,0,0,0,1,1,0,0,0,0,1,3,0,1,0,3.02
4283,640,700,7,10,2001,-9,10,2001,16,0,4,1,1,0,1,2,3,0,0,0,0,1,0,6,0,-9,2,3,0,1,0,3.02
4273,645,640,15,2,1999,16,2,1999,1,0,2,1,0,1,1,2,0,0,0,0,1,0,-9,0,-9,0,3,2,0,1,0,3.02
3552,645,670,1,7,1993,4,7,1993,16,0,4,1,0,1,1,2,0,0,0,0,1,0,-9,0,-9,0,3,2,0,1,0,3.02
4273,645,670,4,9,2000,24,8,2001,17,17,4,4,0,1,1,2,0,0,2,0,1,0,-9,1,-9,1,3,2,1,1,0,3.02
3568,645,690,7,10,1992,2,1,1994,17,17,4,4,1,0,1,1,4,1,1,2,1,1,0,1,0,-9,1,3,1,1,0,3.02
4274,645,690,21,1,1999,21,1,1999,7,0,3,1,1,0,1,1,2,0,0,0,1,1,0,0,0,0,1,3,0,1,0,3.02
4134,651,625,27,6,1995,17,7,1995,17,17,4,4,1,0,1,1,2,1,1,2,1,1,0,1,0,2,1,3,1,1,0,3.02
4288,651,625,-9,3,1996,-9,3,1996,16,0,4,1,1,0,1,1,0,0,0,0,1,1,0,-9,0,-9,1,3,0,1,0,3.02
4073,651,630,11,3,1993,11,3,1993,1,0,2,1,1,0,1,2,0,0,0,0,1,1,0,0,0,0,1,3,0,1,0,3.02
4273,651,645,22,10,1999,22,10,1999,7,0,3,1,1,0,1,2,3,0,0,0,0,1,0,-9,0,-9,2,3,0,1,0,3.02
4190,652,640,-9,6,1996,-9,6,1996,11,11,3,3,1,0,1,2,0,0,2,0,1,1,0,0,0,0,1,3,1,1,0,3.02
4315,652,640,20,5,1997,-9,5,1997,11,0,3,1,1,0,1,2,0,0,0,0,1,1,0,0,0,0,1,3,0,1,0,3.02
4273,663,645,22,10,1999,22,10,1999,7,0,3,1,1,0,1,2,3,0,0,0,0,1,0,-9,0,-9,2,3,0,1,0,3.02
4273,666,645,17,12,1998,20,12,1998,10,0,3,1,1,0,1,2,0,0,0,0,0,1,0,-9,0,-9,2,3,0,1,0,3.02
4182,666,652,12,7,1993,1,7,2001,17,17,4,4,1,0,1,2,0,0,2,0,1,0,1,1,-9,-9,1,4,1,1,0,3.02
4182,666,660,6,4,1993,18,12,2001,17,17,4,4,1,0,1,2,0,0,2,0,1,1,1,2,-9,-9,1,3,1,1,0,3.02
4114,670,679,23,10,1994,27,1,1995,17,17,4,4,1,0,1,1,0,0,1,0,1,1,1,1,-9,-9,1,3,1,1,0,3.02
4203,670,679,-9,6,1997,19,7,1998,17,17,4,4,1,0,1,1,0,1,1,0,1,1,-9,-9,-9,-9,1,3,1,1,0,3.02
3552,690,645,2,8,1992,17,1,1993,17,17,4,4,1,0,1,2,0,1,1,2,0,1,2,-9,-9,-9,2,3,1,1,0,3.02
4269,690,645,2,8,1994,9,10,1995,11,11,3,3,1,0,1,2,0,0,1,0,1,1,0,0,0,0,1,3,1,1,0,3.02
4272,690,645,-9,10,1996,25,9,1997,17,17,4,4,1,0,1,1,0,0,1,2,1,1,0,-9,0,-9,1,3,1,1,0,3.02
4271,690,645,4,9,1996,6,9,1996,8,0,3,1,1,0,1,2,0,0,0,0,0,1,0,-9,0,-9,2,3,0,1,0,3.02
4273,690,645,4,11,1997,-9,3,2001,11,0,3,1,1,0,1,2,3,0,0,0,0,1,0,-9,0,-9,2,3,0,1,0,3.02
4215,690,645,11,1,1999,14,1,1999,8,0,3,1,1,0,1,1,2,0,0,0,1,1,0,0,0,0,1,3,0,1,0,3.02
4275,690,645,10,8,2000,10,8,2000,10,0,3,1,1,0,1,2,0,0,0,0,1,1,0,0,0,0,1,3,0,1,0,3.02
4269,692,645,11,10,1994,19,10,1994,11,0,3,1,1,0,1,2,0,0,0,0,0,1,0,0,0,0,2,3,0,1,0,3.02
4293,694,670,27,6,1995,28,6,1995,8,0,3,1,1,0,1,1,0,0,0,0,1,1,0,0,0,0,1,3,0,1,0,3.02
4269,696,645,15,10,1994,20,10,1994,11,0,3,1,1,0,1,2,0,0,0,0,0,1,0,0,0,0,2,3,0,1,0,3.02
4273,696,645,22,10,1999,22,10,1999,7,0,3,1,1,0,1,2,3,0,0,0,0,1,0,-9,0,-9,2,3,0,1,0,3.02
4269,698,645,12,10,1994,20,10,1994,11,0,3,1,1,0,1,2,0,0,0,0,0,1,0,0,0,0,2,3,0,1,0,3.02
4160,700,630,8,8,1998,8,10,1998,17,17,4,4,1,0,1,2,4,0,3,4,1,1,-9,-9,-9,-9,1,3,1,1,0,3.02
4201,700,704,30,5,2000,6,6,2000,17,17,4,4,0,1,1,2,0,0,2,0,1,0,1,1,-9,2,3,2,1,1,0,3.02
4054,701,700,3,3,1993,7,8,1993,11,0,3,1,1,0,1,2,0,0,0,0,1,1,0,1,0,-9,1,3,0,1,0,3.02
4054,702,700,3,3,1993,21,2,1994,17,17,4,4,1,0,1,1,2,0,2,0,1,1,1,1,-9,-9,1,3,1,1,0,3.02
4176,702,700,25,5,1997,-9,5,1997,8,0,3,1,1,0,1,2,0,0,0,0,1,1,0,0,0,0,1,3,0,1,0,3.02
4228,702,700,11,8,1998,-9,8,1998,11,0,3,1,1,0,1,1,3,0,0,0,1,1,0,0,0,0,1,3,0,1,0,3.02
4283,702,700,7,10,2001,10,10,2001,8,0,3,1,1,0,1,2,0,0,0,0,0,1,0,6,0,-9,2,3,0,1,0,3.02
4054,703,700,3,3,1993,7,10,1993,11,0,3,1,1,0,1,2,0,0,0,0,1,1,0,1,0,-9,1,3,0,1,0,3.02
4176,703,700,25,5,1997,-9,5,1997,8,0,3,1,1,0,1,2,0,0,0,0,1,1,0,0,0,0,1,3,0,1,0,3.02
4054,704,700,3,3,1993,7,10,1993,11,0,3,1,1,0,1,2,0,0,0,0,1,1,0,1,0,-9,1,3,0,1,0,3.02
4176,704,700,25,5,1997,-9,5,1997,11,0,3,1,1,0,1,2,0,0,0,0,1,1,0,0,0,0,1,3,0,1,0,3.02
4228,704,700,-9,8,1998,-9,8,1998,11,0,3,1,1,0,1,1,0,0,0,0,0,1,0,0,0,0,2,3,0,1,0,3.02
4283,704,700,6,10,2001,12,10,2001,17,17,4,4,1,0,1,2,0,0,2,0,0,1,0,6,0,-9,2,3,1,1,0,3.02
4179,704,702,15,8,1999,3,10,1999,16,0,4,1,1,0,1,4,0,0,0,0,1,1,0,0,0,0,1,3,0,1,0,3.02
4177,704,703,29,10,1999,-9,10,1999,14,0,4,1,1,0,1,4,0,0,0,0,1,1,0,0,0,0,1,3,0,1,0,3.02
4086,705,355,23,1,1996,23,1,1996,15,0,4,1,1,0,1,4,0,0,0,0,1,1,0,0,0,0,1,3,0,1,0,3.02
4054,705,700,3,3,1993,7,10,1993,11,0,3,1,1,0,1,2,0,0,0,0,1,1,0,1,0,-9,1,3,0,1,0,3.02
4065,710,2,23,8,1994,-9,10,1994,7,0,3,1,1,0,1,2,4,0,0,0,1,1,0,0,0,0,1,3,0,1,0,3.02
4336,710,2,23,3,2001,23,3,2001,7,0,3,1,1,0,1,2,0,0,0,0,1,1,0,0,0,0,1,3,0,1,0,3.02
4280,710,2,1,4,2001,5,4,2001,15,12,4,3,1,0,1,2,0,0,1,2,1,1,1,0,1,0,1,3,1,1,0,3.02
4278,710,305,17,4,2001,17,4,2001,7,0,3,1,1,0,1,1,0,0,0,0,1,1,0,0,0,0,1,3,0,1,0,3.02
4052,710,365,9,6,1993,12,6,1993,15,0,4,1,1,0,1,4,0,0,0,0,1,1,0,0,0,0,1,3,0,1,0,3.02
4104,710,365,-9,6,1994,-9,6,1994,16,0,4,1,1,0,1,4,0,0,0,0,1,1,0,0,0,0,1,3,0,1,0,3.02
4178,710,712,13,10,1999,13,10,1999,16,0,4,1,1,0,1,4,0,0,0,0,1,1,0,0,0,0,1,3,0,1,0,3.02
4023,710,713,-9,1,1993,-9,1,1993,8,0,3,1,1,0,1,2,0,0,0,0,1,1,0,0,0,0,1,3,0,1,0,3.02
4035,710,713,-9,6,1994,14,11,1994,12,0,3,1,1,0,1,1,2,0,0,0,1,1,0,0,0,0,1,3,0,1,0,3.02
4064,710,713,-9,7,1995,25,3,1996,11,11,3,3,1,0,1,1,2,0,2,0,1,1,0,0,0,0,1,3,1,1,0,3.02
4088,710,713,10,2,1999,-9,4,2000,12,8,3,3,1,0,1,1,2,0,1,2,1,1,0,0,0,0,1,3,1,1,0,3.02
4281,710,713,27,3,2001,-9,8,2001,7,7,3,3,1,0,1,2,0,0,2,0,1,1,0,0,0,0,1,3,1,1,0,3.02
4065,710,732,23,8,1994,23,8,1994,7,0,3,1,1,0,1,2,0,0,0,0,1,1,0,0,0,0,1,3,0,1,0,3.02
4061,710,740,21,8,1995,21,8,1995,7,7,3,3,1,0,1,1,0,0,1,0,1,1,0,0,0,0,1,3,1,1,0,3.02
4062,710,740,-9,7,1996,-9,7,1996,7,0,3,1,1,0,1,1,0,0,0,0,1,1,0,0,0,0,1,3,0,1,0,3.02
4180,710,740,14,5,1999,15,7,1999,7,0,3,1,1,0,1,1,0,0,0,0,1,1,0,0,0,0,1,3,0,1,0,3.02
4029,710,816,-9,8,1993,-9,8,1993,7,0,3,1,1,0,1,1,0,0,0,0,1,1,0,0,0,0,1,3,0,1,0,3.02
4030,710,816,-9,5,1994,-9,8,1994,13,15,4,4,1,0,1,1,0,0,1,0,1,1,0,0,0,0,1,3,1,1,0,3.02
4027,710,840,-9,1,1995,13,5,1995,15,15,4,4,1,0,1,1,0,0,1,0,1,1,0,0,0,0,1,3,1,1,0,3.02
4279,710,840,-9,5,2001,-9,5,2001,7,0,3,1,1,0,1,1,0,0,0,0,1,1,0,0,0,0,1,3,0,1,0,3.02
4020,713,710,10,1,1995,16,9,1995,16,0,4,1,1,0,1,1,0,0,0,0,1,1,0,0,0,0,1,3,0,1,0,3.02
4025,713,740,8,1,1995,8,1,1995,12,0,3,1,1,0,1,1,0,0,0,0,1,1,0,0,0,0,1,3,0,1,0,3.02
4331,713,816,16,4,1994,28,4,1994,7,0,3,1,1,0,1,1,0,0,0,0,1,1,0,0,0,0,1,3,0,1,0,3.02
4060,713,816,25,3,1995,25,3,1995,7,0,3,1,1,0,1,1,0,0,0,0,1,1,0,0,0,0,1,3,0,1,0,3.02
4024,713,840,16,4,1994,28,4,1994,7,0,3,1,1,0,0,0,0,1,1,0,1,1,0,0,0,0,1,3,0,1,0,3.02
4022,731,2,5,11,1993,2,11,1994,8,11,3,3,1,0,1,2,0,0,1,2,1,1,0,0,0,0,1,3,1,1,0,3.02
4087,731,2,17,12,1994,-9,9,1998,16,11,4,3,1,0,1,1,0,0,1,2,1,0,2,1,-9,1,1,4,1,1,0,3.02
4218,731,2,23,3,2000,23,3,2000,1,0,2,1,1,0,1,1,0,0,0,0,1,1,0,0,0,0,1,3,0,1,0,3.02
4018,731,710,-9,1,1993,-9,4,1993,17,17,4,4,1,0,1,2,0,1,2,0,1,1,-9,1,-9,2,1,3,1,1,0,3.02
4019,731,710,-9,4,1995,-9,4,1995,16,0,4,1,1,0,1,4,0,0,0,0,1,1,0,0,0,0,1,3,0,1,0,3.02
4089,731,710,25,10,1997,25,10,1997,17,17,4,4,1,0,1,4,0,1,4,0,1,1,-9,-9,-9,-9,1,3,1,1,0,3.02
4022,731,732,-9,3,1994,23,4,1995,12,11,3,3,1,0,1,1,2,0,2,4,1,1,0,0,0,0,1,3,1,1,0,3.02
4087,731,732,10,10,1994,3,9,1999,17,17,4,4,1,0,1,1,2,0,1,2,1,1,2,0,-9,0,1,3,1,1,0,3.02
4218,731,732,23,3,2000,23,3,2000,1,0,2,1,1,0,1,1,0,0,0,0,1,1,0,0,0,0,1,3,0,1,0,3.02
4282,731,732,2,6,2001,27,11,2001,17,17,4,4,1,0,1,1,4,0,1,4,1,1,0,0,0,0,1,3,1,1,0,3.02
4022,731,740,26,3,1994,17,6,1994,4,7,2,3,1,0,1,2,0,0,2,0,1,0,0,0,0,0,1,4,1,1,0,3.02
4226,731,740,-9,4,1997,-9,4,1997,7,0,3,1,1,0,1,2,0,0,0,0,1,1,0,0,0,0,1,3,0,1,0,3.02
4087,731,740,31,8,1998,-9,12,1998,7,8,3,3,1,0,1,4,0,0,1,2,1,0,2,0,-9,0,1,4,1,1,0,3.02
4225,731,740,21,3,1999,24,3,1999,12,7,3,3,1,0,1,4,0,0,2,0,1,1,0,0,0,0,1,3,1,1,0,3.02
4021,732,731,3,3,1993,13,3,1993,8,8,3,3,1,0,1,2,0,0,2,0,1,1,0,0,0,0,1,3,1,1,0,3.02
4125,732,731,18,7,1999,18,7,1999,7,0,3,1,1,0,1,2,0,0,0,0,0,1,0,0,0,0,2,3,0,1,0,3.02
4126,732,740,15,2,1996,15,2,1996,7,7,3,3,1,0,1,1,0,0,1,0,1,1,0,0,0,0,1,3,1,1,0,3.02
4026,740,713,4,9,1996,6,9,1996,7,0,3,1,1,0,1,1,0,0,0,0,1,1,0,0,0,0,1,3,0,1,0,3.02
4322,740,731,13,8,1999,16,8,1999,8,0,3,1,1,0,1,2,0,0,0,0,1,1,0,0,0,0,1,3,0,1,0,3.02
4266,740,731,22,12,2001,22,12,2001,17,17,4,4,1,0,0,0,0,1,1,0,1,1,0,1,0,-9,1,3,1,1,0,3.02
4127,740,732,15,2,1999,19,2,1999,15,0,4,1,1,0,1,2,0,0,0,0,1,1,0,0,0,0,1,3,0,1,0,3.02
4223,750,770,18,7,1999,28,10,2000,17,17,4,4,1,0,1,1,3,1,1,4,1,1,2,2,-9,-9,1,3,1,1,0,3.02
4006,750,771,20,5,1996,22,5,1996,8,0,3,1,1,0,1,4,0,0,0,0,1,1,0,0,0,0,1,3,0,1,0,3.02
4313,750,771,29,4,2001,30,4,2001,11,0,3,1,1,0,1,2,0,0,0,0,1,1,0,0,0,0,1,3,0,1,0,3.02
4283,770,700,7,10,2001,9,10,2001,17,17,4,4,1,0,1,2,0,0,2,0,0,1,0,6,0,-9,2,3,1,1,0,3.02
4007,770,750,17,9,1993,17,7,1999,20,17,5,4,1,0,1,1,4,1,1,0,1,1,5,5,-9,-9,1,3,1,1,0,3.02
4277,770,750,13,7,2001,27,12,2001,17,17,4,4,1,0,1,1,4,1,1,2,1,1,-9,-9,-9,-9,1,3,1,1,0,3.02
4005,771,750,25,6,1995,25,6,1995,17,17,4,4,1,0,1,4,0,1,4,0,1,1,0,0,0,0,1,3,1,1,0,3.02
4003,775,800,3,1,1996,8,1,1996,11,8,3,3,1,0,1,1,0,0,1,2,1,1,0,0,0,0,1,3,1,1,0,3.02
4138,775,800,12,1,1999,12,1,1999,17,17,4,4,1,0,1,1,0,1,1,0,1,1,1,0,3,0,1,3,1,1,0,3.02
4314,775,800,10,2,2001,29,4,2001,17,17,4,4,1,0,1,2,0,1,2,0,1,1,2,0,-9,0,1,3,1,1,0,3.02
4002,800,775,8,2,1995,1,3,1995,8,16,3,4,1,0,1,2,0,0,2,0,1,1,0,0,0,0,1,3,1,1,0,3.02
4001,800,811,1,1,1994,23,9,1996,17,17,4,4,1,0,1,1,2,0,1,2,1,1,1,1,-9,-9,1,3,1,1,0,3.02
4135,800,811,15,8,1997,2,5,1998,17,17,4,4,1,0,1,2,4,0,2,0,1,1,1,1,-9,-9,1,3,1,1,0,3.02
4328,816,710,-9,9,1998,-9,9,1998,7,0,3,1,1,0,1,1,0,0,0,0,1,1,0,0,0,0,1,3,0,1,0,3.02
4008,816,800,31,5,1995,31,5,1995,17,17,4,4,1,0,1,1,0,1,1,0,1,1,1,0,2,0,1,3,1,1,0,3.02
4004,816,811,24,1,1996,30,1,1996,14,11,4,3,1,0,1,1,0,0,1,0,1,1,0,0,0,0,1,3,1,1,0,3.02
4330,816,840,30,10,1999,30,10,1999,16,0,4,1,1,0,1,1,0,0,0,0,1,1,0,0,0,0,1,3,0,1,0,3.02
4028,840,710,-9,12,1996,23,9,1997,15,7,4,3,1,0,1,1,2,0,1,0,1,1,0,0,0,0,1,3,1,1,0,3.02
4128,840,710,-9,8,1998,-9,2,2000,15,7,4,3,1,0,1,1,0,0,1,0,1,1,0,0,0,0,1,3,1,1,0,3.02
4329,840,816,-9,8,1998,-9,8,1998,7,0,3,1,1,0,1,1,0,0,0,0,1,1,0,0,0,0,1,3,0,1,0,3.02
4063,850,710,2,9,1996,-9,9,1996,7,7,3,3,1,0,1,1,0,0,1,0,1,1,0,0,0,0,1,3,1,1,0,3.02
4296,900,385,30,8,2001,30,8,2001,15,0,4,1,1,0,1,4,0,0,0,0,1,1,0,0,0,0,1,3,0,1,0,3.02
4283,900,700,7,10,2001,15,11,2001,21,0,5,1,1,0,1,2,3,0,0,0,0,1,0,6,0,-9,2,3,0,1,0,3.02
4022,900,731,10,6,1994,17,6,1994,7,0,3,1,0,1,1,2,0,0,0,0,0,1,0,0,0,0,4,1,0,1,0,3.02
4264,900,850,12,9,1999,26,9,1999,8,0,3,1,1,0,1,2,0,0,0,0,1,1,0,0,0,0,1,3,0,1,0,3.02
4075,910,940,5,3,1993,-9,4,1993,17,17,4,4,1,0,1,1,2,1,1,2,1,1,-9,-9,-9,-9,1,3,1,1,0,3.02
4076,910,940,1,6,1996,29,11,1996,16,16,4,4,1,0,1,1,2,0,1,2,1,1,0,0,0,0,1,3,1,1,0,3.02
4265,920,850,28,7,2001,28,7,2001,17,17,4,4,1,0,1,2,0,1,2,0,1,1,0,1,0,1,1,3,1,1,0,3.02
4243,986,840,4,7,2000,4,7,2000,16,0,4,1,1,0,1,2,0,0,0,0,1,1,0,0,0,0,1,3,0,1,0,3.02
